Index,Name,EAN
1,Organization to two together.,4836810209885
2,Represent recent lot.,2668829157992
3,Wall important event bank.,6371019679643
4,Tax ball candidate wonder.,7887131090512
5,Message relate Mrs.,7035615446199
6,Agency likely happen start.,0107610691403
7,Heart policy discuss each.,5813368043474
8,Minute interesting air big.,4999734182440
9,Allow every try more.,7096797032181
10,One but face beyond before.,6324442001130
11,Tv full same type seek.,6586222245749
12,Contain others buy.,5261286562728
13,Miss bed age onto Mrs up.,7888350902181
14,Dream teacher lead company.,9513738813695
15,Idea no really idea form.,6552831457989
16,Assume source decision set.,9385265322281
17,Eight source without kitchen.,0393442949366
18,Person minute we cut police.,7866399535003
19,Professional find have nor.,3392101317475
20,Seek hit accept blue.,9483121099251
21,From among region.,4306766748146
22,Month score how send with.,5195971450987
23,Support artist themselves.,9027834433560
24,Home family hear what.,4374164807840
25,Gun lead shoulder prepare.,3923352976922
26,Occur think player cup.,2499542658448
27,National sport chance hear.,6687658548012
28,Finish this cold citizen.,3369586461443
29,Wear act glass stay decade.,0010348179993
30,Month school such.,8008987643601
31,Of I perhaps remain.,4169514080284
32,Process happen law accept.,1821890936465
33,Quite alone military book.,1735806256786
34,My would kid.,1981829841656
35,Firm here avoid film.,7993139088571
36,Front heavy west.,9503474841632
37,Degree meet without let.,7729546337502
38,Customer let impact draw.,0528623153410
39,Too friend have often.,5446156002690
40,Here close a citizen.,6086058961542
41,From how identify modern.,3572897097212
42,Anyone on may project.,0726082325762
43,Imagine pressure face good.,3034722061824
44,Machine thousand lose window.,4700776260450
45,Risk police much.,6151684265453
46,Community country time along.,5398717376859
47,My five moment national.,5107919285889
48,Age thus work statement.,3470887404647
49,Road will especially term.,6293510033109
50,Help whose democratic.,6557141765298
51,Special forward up case.,6597758341881
52,Seven capital pull dog.,9163116888458
53,Few exactly others question.,5614501699875
54,Image give quickly.,1571665726196
55,Role follow though remember.,6665455694743
56,Director view region expect.,6008348064801
57,Six million thank fund.,0645982758572
58,Alone school call indeed.,0477646038122
59,Human summer analysis modern.,6615782696927
60,How care group land large.,5740752328568
61,Into watch hand four white.,8833699781972
62,Beat allow system so popular.,0419754895419
63,Experience guy watch job.,4111443888721
64,Second try matter white now.,9019074476902
65,Building tough financial.,8049767294040
66,Score give stop quickly.,5911839041384
67,Every trade crime.,1248215352272
68,Because include poor hundred.,7076382576849
69,Also direction training have.,8826432942655
70,Force from story north.,5973387616957
71,Investment might act.,2421439966114
72,Those red produce simple.,1498131146879
73,Feel heavy smile television.,8503767400004
74,Much board gun.,9634288514327
75,Ability particularly other.,5517790126964
76,Owner per group him become.,6010501948439
77,Discuss vote we car myself.,0867504935913
78,Night medical agree wall.,9137584784895
79,Rest student everybody big.,8840090664629
80,Bad guy bit responsibility.,6945270488582
81,To idea firm task interview.,0979366380999
82,Office watch dog still dog.,8300382722760
83,Down former wait by its.,7485971073704
84,It whose way hair check she.,7578273189492
85,Find game require understand.,8695055621540
86,Sure American east another.,6801867947996
87,Seek book short name but.,3684119690375
88,Those thank half sort.,4298365384163
89,Believe return too law.,7155665456488
90,Unit nation middle I close.,2612175899686
91,Onto age politics.,9323231552188
92,Lay drive small cost cost.,7423030522367
93,Second season natural under.,9986672178586
94,Report inside why life drug.,2161051681513
95,Left move draw.,0470397590949
96,Wind staff agree security.,4085774402843
97,Dream kind area.,6219275064929
98,Mind so there heavy.,3496138394260
99,Republican tend town by.,1094691100094
100,Challenge page bed.,4931842900950
101,Also behind choice area.,3119308275816
102,Discover day add.,2359184765716
103,To house hotel above local.,8209543908169
104,Employee risk rock.,7554624349661
105,Stay stop stand into.,7792583683185
106,Election low account away.,0704222186855
107,Mrs plant prevent time worry.,7259171158727
108,Behavior person second gas.,8138037066781
109,Leg dinner it knowledge.,9474724214431
110,Popular buy citizen.,5580256621532
111,Today modern address back.,1657334794250
112,Dark meeting mother choose.,5467554460424
113,Cup lawyer myself event put.,6729599087073
114,Church film project see.,2577120388212
115,Campaign sport set.,5692266376361
116,Commercial letter dog.,4399872510097
117,Line anyone maybe pay rather.,7050342488953
118,Summer film listen.,9822035831371
119,Modern parent point seven.,3007914610858
120,Realize many who writer.,5895022827163
121,Hear physical different.,0504392018297
122,Manage despite within.,0211244478290
123,Agreement bed collection.,9553714228525
124,Top accept guy book.,3818939415447
125,Condition answer edge maybe.,0773281502807
126,Mean modern camera.,1510639208757
127,Subject town here.,2122358703087
128,Feel far certainly boy.,0362749732575
129,Control would arrive ago.,2708937358635
130,Include thousand one chance.,1660218051486
131,Ball world position among.,9176569868878
132,Cost particular occur across.,2846852925980
133,Join make tax develop.,8905343276193
134,Upon goal himself any.,8190435069450
135,Task these wrong.,3922785200123
136,Health peace building true.,7492928846212
137,Page nation teacher personal.,5952367342321
138,Share against war.,7734105071322
139,This action none force.,6894356483556
140,Form road seat fight.,4381855897400
141,Expect study fish bring.,4805178632826
142,Seek why some without.,8235922829244
143,My experience tell.,7558726339582
144,Watch officer tree avoid.,5416824869115
145,List world week move year.,5149297851782
146,Voice figure either ask.,6143064143871
147,Summer baby future.,3060320408037
148,Property six able.,9058690470420
149,Three low parent buy per yet.,6758768415225
150,Kitchen style develop so.,9818969935452
151,Usually college week.,3163792633966
152,Run place chair moment seek.,5867563809281
153,Positive real week weight.,7910974155008
154,Story ten gun.,9133204963510
155,Himself produce event effort.,7503162547466
156,Describe increase ever arm.,8626408174482
157,Guess building fight up team.,9474842487595
158,Attack dream into.,5238813182001
159,Day month back course room.,9107547373015
160,Show event city chance none.,8467984433521
161,Election over color choice.,6721316765080
162,Buy follow road skill Mr.,8632166051224
163,Minute old always ask.,8000500306239
164,Throw six nothing method.,7614296522394
165,Chair natural author mission.,5128425086845
166,Goal off recent.,9086908733203
167,Take western pretty expert.,6769301324065
168,Power leader first too.,1518393825463
169,Ask so resource.,6754074045576
170,Six which door turn loss.,6693635464312
171,Far culture real.,6949184337431
172,Rich theory any could.,5909248203202
173,Should new force future.,6813352795630
174,Him peace material.,5825321424022
175,Resource pattern peace focus.,9108884990033
176,Street music national man.,2326786129666
177,Oil hand type over meet.,8571444362037
178,May feel property those.,3870663330212
179,Field story foot.,7842097406593
180,Allow hair nothing doctor.,8686786877429
181,Within write gas trouble.,4815369625872
182,Set by hotel laugh station.,8641515224608
183,People wonder some beautiful.,7188450628418
184,Allow talk court.,8417666316758
185,Which safe PM win have east.,5004084360291
186,People dream wife tell class.,3861579549980
187,Listen thought analysis put.,1458419005649
188,Finish well sit culture.,1047504813605
189,Him beat certain eye bad.,9402346687135
190,Page weight share half.,9212394051952
191,Case option too so machine.,5205670224649
192,Miss size institution big.,0852536671984
193,Wife job professor maintain.,9831637669657
194,Grow seven business leg.,6733696016881
195,Risk upon imagine skin.,2335257597651
196,Become drive course although.,9201114140076
197,Can prove consumer along.,1904601689284
198,Son subject resource.,1315653892681
199,Enter Congress stand.,2049684816635
200,Travel wait across war.,6309455136390
201,Friend record that yet.,0983019910716
202,Third arrive throughout hour.,0992588558205
203,Into civil PM cover bank not.,3251191172220
204,Then under can.,1965105905102
205,Have memory imagine Mrs.,9711842810719
206,Decision vote part.,7981720383914
207,Positive learn who remain.,8666991946745
208,General occur determine.,1571108314461
209,Enjoy anyone skill news.,0517737783842
210,Age mouth but indicate away.,8158953005107
211,Most act reality fact sea.,7610174650807
212,Professor first here major.,0158055067889
213,Family read wish small.,9294369851187
214,Not hold candidate up.,5193241427868
215,Bit again he.,0405382640675
216,Which name color stock.,1147843478807
217,Stay fight when very visit.,1523021056751
218,Difficult bank job.,9407472613447
219,Herself son end democratic.,0905257303358
220,Best season my question past.,5640212147343
221,Type cost seek art.,0338648310527
222,Back employee none total.,5612864049238
223,Body teacher money fire keep.,6462767526027
224,Article who unit fine bad.,9256972268851
225,Later final mention.,3180827960613
226,Up friend east receive.,2132747047456
227,Hear opportunity note that.,2299494303355
228,Home none challenge let.,2892978030763
229,Factor save car.,1423095100551
230,Wife product fish series.,9937390630696
231,Wife model exist up.,1383903243392
232,Wrong visit spend detail.,7099409327248
233,Address book argue.,6580928404295
234,Different report red still.,8358581511647
235,Film argue data team.,6119941703025
236,By design land new.,6369400691923
237,Common teach student street.,9498684673626
238,Work issue local once child.,4751492913175
239,Stuff it significant.,3451768512439
240,Majority sound many town.,4756840586438
241,Else really matter around.,1983642883998
242,Your room wish lose.,0450113765158
243,Industry himself where.,6907221174395
244,Attention bed pass two draw.,9320595501630
245,Agree doctor ever.,2189784362486
246,During turn week.,5362690545199
247,World door whose.,3936058072508
248,Fear let six alone.,0685314782448
249,Beyond impact person.,6764729803369
250,City type forget should.,3586141427977
251,Material rule present action.,2657810440731
252,One should trade.,9129854379535
253,Chair off song else issue.,9001098341502
254,Soon leader say everything.,3835492374776
255,Less fly free form make.,8650667010410
256,Both during save push.,7009458229639
257,Lose since rate interview.,6978817280530
258,South audience than big.,4123270985238
259,Hotel word keep make.,6681498491958
260,Speech economic number class.,0725203429709
261,Century phone mean.,6725959283635
262,Daughter common site mouth.,7085424039228
263,Win yet can investment.,0407436174945
264,Least push we important.,4475803886537
265,Safe best attention involve.,9566362717068
266,Range start water.,3039950301483
267,Seem final by.,3917343768016
268,Popular rule leg stop.,6193376811463
269,Future worry ready certain.,9704436197235
270,Field the out trouble.,1993235347721
271,Produce force world.,2998068664624
272,Ground important opportunity.,8897294430727
273,Old real author.,9082120158626
274,Pay type crime.,0037199103397
275,Discuss car shake reveal.,3141568755432
276,Medical traditional new dog.,9551279185406
277,Stuff member why everybody.,0724636764999
278,Author large information.,1186695571861
279,Call card reality theory.,2328470996653
280,Over fire appear none.,6021365803178
281,Art own program thought add.,2099900539039
282,Mean red which.,5436477262842
283,Same research phone data.,7857731763963
284,Expert more I senior focus.,2469343218103
285,Plan him away them.,0764783467756
286,Result radio ready.,0108665060985
287,Term music forget probably.,3751851252816
288,Hard trade next finally.,2156233193410
289,Month movement between fill.,1597644469168
290,Tree scientist report later.,7448296391212
291,Should cup any trouble.,8770751468702
292,Exactly price no.,8211473443054
293,Compare member prevent arm.,1106068183736
294,Kind three cut.,0406580284029
295,Plan hope oil. At pay town.,6506624293377
296,Part someone wear sound.,9251526488983
297,Travel suggest term unit.,5036999894936
298,So difficult plan ask who.,8588593919043
299,Maybe draw foreign of rich.,0370180334289
300,They four field floor power.,2646156313557
301,Page control foot state face.,9751294720860
302,Federal three toward black.,1028566379643
303,No age less president.,2948501941485
304,Decade chance figure some.,0183791725540
305,Old major rule note down.,9372933678351
306,Price high wear watch hot.,9890646290986
307,Call spend hotel.,4059773113192
308,Movement street less catch.,1125013811111
309,Leave night security heart.,6980824302907
310,Pretty card five bar for.,5558334067145
311,Modern about baby look.,7454345805647
312,Something floor charge talk.,1941178392179
313,Dark day color fund she.,0713596302235
314,Manager fear health.,3385119497529
315,Worry design near seat.,3601509325181
316,Why indicate upon decade.,8396939455168
317,Evening week memory through.,1170024432374
318,College human stage team.,7138409406338
319,After analysis lose why.,5190862240210
320,He hard near require.,7043080400035
321,Various star receive energy.,9466174579840
322,Know business fact police we.,1406422221365
323,History good inside teacher.,8960245398091
324,Occur son power.,5481782125801
325,Treatment moment minute.,2449948460695
326,Be range religious.,2758412758030
327,Nothing perhaps trade term.,6169750929420
328,Fund in few drug.,7038851844057
329,Five it involve almost stage.,8580337830027
330,Yes activity take.,1412646805663
331,Work quality respond.,1627127405151
332,North find pull war care act.,4503662624813
333,War successful stop.,5876613524340
334,Describe question live add.,9565851826632
335,Town red bad.,2023293849000
336,Race which new here.,3017107569986
337,Fire ago fine him.,2466449614556
338,Amount boy along.,8320708524304
339,Big lot control tell.,9061767354349
340,Church scene travel board.,6283131760362
341,Since require turn.,7678679593777
342,None ago since sit.,0721426967257
343,Put structure hope really.,9259874247856
344,Baby require she hotel.,5079268811418
345,Sister stage remember.,0864665097191
346,Special century eye.,3300139348453
347,Get deep help.,9361672043971
348,Memory agency know.,2982166241184
349,Discuss myself own white.,5471432134987
350,Admit student them item.,1299999013200
351,When couple compare seek.,0747760601701
352,Example half but middle blue.,3597825209123
353,Hour attorney music.,1031053413676
354,Artist hard understand.,3381273265264
355,Four since Mrs suggest.,0206247702237
356,Capital generation per end.,5922864562300
357,Soon tend pass share.,3715354137827
358,Front prevent outside off.,4419012426160
359,Term team appear easy air.,7479963570739
360,Body heart inside read.,5193720062948
361,East their chance five fact.,8660140021956
362,Either science scene article.,7434207129500
363,Decision heavy hair door.,2617832357332
364,Play the someone.,3130385625998
365,Spring rate general group.,7518811187832
366,Common standard its dark own.,2535151990439
367,Own arm media as now.,0970043656079
368,Kind hear impact chance.,9922351135716
369,Then win hold key.,9753212126976
370,Night anything peace four.,1927026581957
371,While create it.,2921693816748
372,More four wait job.,7885213882185
373,Free program skin drop.,7132519284367
374,Course perhaps forget.,3053009884130
375,Save political we benefit.,3781588340357
376,Out site general reach here.,2599728683681
377,Fast probably money series.,4066192448583
378,Something knowledge imagine.,9234412414624
379,Former yard case.,0841711305349
380,Skill buy those.,2047458872481
381,Him whose represent while.,5305623727149
382,Walk wonder message most.,4889973390396
383,Some final area moment about.,0279609289639
384,Actually technology own edge.,6132663277186
385,Identify start factor admit.,5020285428110
386,Throw me commercial.,4099765974486
387,Them about pattern.,7084844868029
388,Truth street after.,7577247342567
389,Box add fill exist attack.,6111172865435
390,Radio rate form social.,6716386784628
391,Itself PM security professor.,7349867884150
392,Establish mind store adult.,7181562540623
393,Difference girl day remember.,5653443601850
394,Traditional owner put leg.,8887234315313
395,Mention subject deep.,1699947600368
396,Little late say onto.,5563713490513
397,Key write notice sort.,6895199788167
398,Nature marriage common.,7198768220266
399,Magazine community money.,7462976512384
400,Science issue tend nice.,3395021835463
401,Generation maybe reflect.,0096110279672
402,Example together very.,0426128959349
403,The even impact.,6926375596679
404,Rate again view price.,8893515798331
405,Local evening remain watch.,8346144938383
406,Six head ahead mission.,8109883981979
407,Any under nor information.,9781945735929
408,Leave design bank vote book.,4773572760196
409,Standard task her.,5220965061754
410,Itself suddenly arm.,8668857603052
411,Type kid still design.,1384654864737
412,Local movement lead rather.,4987380259654
413,Easy or carry report cell.,6254195425870
414,Pick throw image actually.,5671390250594
415,Little cup actually.,6940482772177
416,Dog model now seven seat.,8455616856725
417,Board area dog.,9817981564978
418,Nice computer read ever.,2685930612196
419,Or do involve walk suggest.,9239823009193
420,Else result them point.,9143622727359
421,Receive fire measure benefit.,6361380601671
422,Ahead people from visit.,4909593505519
423,Change soon bed fill.,1939390503749
424,Per leg scene policy.,1137670130719
425,Clearly run strong safe.,5392079699410
426,Care author light wife.,3031446885903
427,Occur cold south member.,9526327866972
428,Star we act bit Mrs.,6000059474054
429,Inside close product parent.,0064652640472
430,Education season Mrs build.,0689044014091
431,Into story sort phone.,0787179629446
432,As energy arrive chair.,0456631281064
433,Than police check hospital.,5097616459631
434,Send group action.,7028277018699
435,Away fight book prove.,2484979373163
436,Agree effort share war sure.,2248362503656
437,Perhaps benefit red look.,6414138856448
438,For resource class reduce.,9024293568161
439,Body who black buy us.,3338044306671
440,Learn natural contain region.,8925093061917
441,Across operation ask say.,3851599936044
442,Reflect answer majority.,3074309898535
443,Drop how land test season.,1572349860878
444,Do gun consumer save.,8060493347190
445,Floor strong successful fish.,2274893164561
446,Do garden computer movement.,4854304080000
447,Billion such medical cause.,4329564534964
448,Spend stuff yeah fund rate.,2090411327993
449,Say sit hit across.,2292802711620
450,New foot art machine edge.,9712704915672
451,Yes heart smile bag.,9637404875999
452,Ability radio look bad large.,3797430646997
453,Heavy career create.,9846877357417
454,Interest reduce model value.,2950388731509
455,Effort stage a represent.,2684846900267
456,Specific might good poor.,5549993268202
457,Before get job.,3009513418903
458,Stand wait always agent.,0471448202033
459,Call better type leave.,4841678514644
460,Base attention action huge.,1630626154567
461,Plant assume car air.,1545843690890
462,History yet pay into.,3718670916374
463,No where quite speech.,2304530211584
464,Win manage oil try.,6691363566759
465,Task yes total themselves.,0203170213403
466,Leave agent assume.,6956547271226
467,Win share admit.,4677030288294
468,For participant only.,0656879973848
469,Gun likely high.,7209903958866
470,Wear entire three official.,1474185724317
471,Near answer example article.,6503026752945
472,Civil single whom.,7998893752928
473,Purpose section dark present.,7568685609077
474,Give box respond receive.,6328481084604
475,Couple book trip.,0265179992857
476,Think second oil side.,8967122004939
477,Role hit experience.,0457930983512
478,Decide town theory.,9827324754546
479,Record we same material.,4744328655240
480,Stop ago positive white six.,9061115403682
481,With mouth big black.,5925198285860
482,A attention line Mr.,3778487740326
483,Area have seat hand phone.,9844785865413
484,Never key sound couple lay.,7003989800671
485,Husband short black bad.,8480432492574
486,Community attention under.,4429510130049
487,Carry feeling poor other.,7164975296165
488,Inside open late class.,2821738543229
489,Different drug prove I truth.,5131836335204
490,Fund boy fear water.,1090192918381
491,Late we hear sea discover.,6519416748252
492,Talk serve their study.,6023694163459
493,Adult prepare author herself.,3834859943082
494,Water operation own.,0616727180453
495,If not senior.,4275542585162
496,Account yet which reflect.,6908102638906
497,Real too structure ok deep.,1898439676083
498,Special talk local.,2851499603573
499,Cost watch ever contain by.,0476371771458
500,Study continue back chance.,1957358185905
501,Wonder claim decide space.,0483348720654
502,Walk include test throughout.,2017131718153
503,Road part machine money.,3966444780762
504,Police eye for baby.,1009857615626
505,Walk public really hospital.,7217173630115
506,Catch lead create able.,7178390747591
507,Attack enter would cost.,4122465665641
508,Team physical state.,3890061998630
509,Put us pressure.,0730552493776
510,Cultural believe mean hold.,3236520945393
511,Stock range at receive.,9341388507455
512,Sure born help onto write.,9037444772843
513,Record himself time own.,6477474491896
514,Mind raise cost.,2055307316277
515,Real exactly half sell.,7861135301850
516,Field history score fight.,3854128514546
517,Include view friend maintain.,3053161224034
518,Back common back enough.,3528771263235
519,Change national first boy.,5792081841096
520,Focus nature order boy.,8802173716885
521,Story where plant skin.,9313884825265
522,Including ask tree.,8129359704178
523,Garden use stand.,3783875983162
524,Maintain hair easy increase.,6211242944814
525,Teach figure no Mr.,9151409890103
526,Them piece if fact.,4442481216482
527,Political hope meet letter.,0308706202866
528,Dream a visit benefit.,2366783268067
529,View sound their dark.,7415023122432
530,Sit free put cup voice.,2660115370689
531,Blood worker entire.,9417252172699
532,Raise order somebody.,9758292917759
533,Trip politics including.,8636498509026
534,Present firm race least.,6520090932325
535,Not shoulder back least.,3909843958820
536,Least their purpose choose.,8047012629432
537,Bar general hope phone.,4938085364648
538,Certainly painting yeah.,7821626445098
539,Popular key we black.,3263965024826
540,Spring material guy agent.,4507901781596
541,Recently half well raise.,3185777799634
542,Appear thousand ago.,9925790432859
543,Ask fight into across happy.,5306514189817
544,Same whole yes speech.,0218041771685
545,Poor interest PM finally.,5331463538690
546,Identify article Congress.,8055826087386
547,Low run skill tell over.,0975304925185
548,Make check few step.,9302233101297
549,Book sort others.,4731037034855
550,Shake since this product.,6101748840836
551,Control change yeah.,7571128340598
552,Boy animal expect remain.,5291620095704
553,Large economic war.,5286337658700
554,Four usually computer.,1731177119279
555,Physical art focus paper.,4410355858038
556,Fly support scene describe.,6269288204577
557,Onto need such century.,0689430308865
558,No never firm service.,3132959068842
559,Point sit name travel.,1058046012654
560,Why page job key.,0013060198334
561,These toward whatever old.,1741084199028
562,Believe although mind walk.,3270096514195
563,Sometimes many itself drop.,2002769793221
564,Inside class data bring way.,0775985486971
565,Good find plan just you blue.,9135265436651
566,Growth of think ready.,8919599616320
567,Poor treatment contain.,4531782995124
568,Fight happy fine he.,8230372272909
569,Court old involve assume.,6881106008343
570,Approach board everybody.,0889290798916
571,Play message question.,0773648873656
572,Provide same laugh different.,0374964087644
573,Example or happen third.,1090830077081
574,Country stop rich rich buy.,2976240713537
575,Paper offer maintain nation.,8393624483000
576,Tell throw material.,4789958042220
577,Example direction crime with.,8142633840171
578,Parent science season.,6391130811951
579,Fast son strong.,6777243798455
580,Pay look language above.,2729876456008
581,Either method list north.,2885743270822
582,Send share according measure.,9000333192220
583,Toward whose whom drug.,5077135727022
584,Law win three tree.,2557689403953
585,Tonight box right main try.,2603229744892
586,Really job eat high.,5337220373474
587,Example buy again turn ago.,1950222087541
588,Lead back keep action.,3027145723134
589,Realize soldier blood around.,1784164428830
590,White table very measure.,8166669259622
591,Appear investment mean into.,1913060304492
592,Physical business body them.,5267438483705
593,School raise but audience.,0310123490603
594,Spend popular wait least.,3826591882873
595,Effort black up boy avoid.,0582701436710
596,Eye south his school word.,4920717854733
597,Through leave material end.,7355124775932
598,A also college smile.,4416510057957
599,Song finish rather.,0541755832626
600,How soon baby step.,1432009869200
601,Painting today rich lose.,3078152024165
602,Table apply time until level.,2900413367777
603,Fight avoid base report.,1017964420514
604,Often lay use myself.,3168158887793
605,Develop hot law officer.,8166623696272
606,Campaign region finally two.,7018592581701
607,Night role lead admit.,3986968791662
608,My know and.,8350202377458
609,Forget wrong site light.,4504368520249
610,Discuss establish under.,1865728600609
611,Cause letter light.,0905742886540
612,Drive some many wear.,4866932067872
613,Believe per doctor.,6643706746618
614,Major likely hot mind wish.,8082148435410
615,Also expect blood clearly.,6726557905165
616,Change worry guess college.,3328135965917
617,Tax number sort set.,5140900190250
618,House rate else himself cost.,1569029920977
619,Probably care tough address.,9326991104895
620,She pass board arm sell.,4072189219357
621,Step thank yeah kitchen who.,6652993543916
622,View check employee ball set.,3258189122779
623,Big send foot.,9769662760615
624,Family raise answer citizen.,2880827692835
625,Deal arm clear job.,4443337020789
626,College amount person of.,1117132513250
627,Religious event add per.,0506197382047
628,Space those onto training.,3198851660508
629,Mention ball already degree.,7099031139004
630,Set much age matter there.,8877279915449
631,Economic camera nature.,8007423074832
632,How establish behavior safe.,1010981940607
633,Cup law value protect.,6672690454117
634,Chance happy law law glass.,0559609162416
635,Record sing seven good.,7340555562916
636,Growth letter by door edge.,4211765165767
637,Seem choice like interview.,5773205563391
638,West born major.,4187673716431
639,Another chair economy.,3942724246661
640,Wall foot company ok.,0754275547066
641,Coach call fact economic.,7809645359657
642,Nothing medical hour rock.,0671392973144
643,Market enter officer.,2814510781865
644,Part work assume.,7442415623307
645,Build civil learn skin.,8362184637628
646,Us middle traditional pick.,8412059733280
647,Lead road all good determine.,4389768132335
648,Institution could TV PM.,5040441532451
649,Song agent practice.,0468159294044
650,Week phone inside.,7694255427250
651,Raise compare this.,9688690521633
652,Physical rule dream.,4749487102086
653,Spend care or north write.,6035620559151
654,Least hand work notice best.,5797856535705
655,Than simple young create.,5656657611684
656,Food cause rather specific.,3770122737241
657,Should any store newspaper.,2367771818707
658,List food gun.,2167672295122
659,Generation hold people sea.,0923006521853
660,Mr somebody parent.,2860751881963
661,Color outside could.,1225771561249
662,Power wind next risk.,6788743128376
663,About officer memory here.,1593999332478
664,Instead head history.,9817907157765
665,Although worry all she.,3910711978833
666,Rise across teach statement.,0786734218217
667,Card half seem no shake.,9560030183896
668,Hotel former senior home.,2154736286295
669,Meeting staff scene language.,2432519280723
670,Worry many recent after.,7773247626083
671,Box oil little.,0245255967559
672,Stock subject team strong.,6267242410750
673,Ability approach think trial.,9124286935847
674,Call need respond.,3776009925169
675,Home family garden general.,5701788310453
676,Eight ask five.,2854000717332
677,Everyone day behind former.,2028070713765
678,Performance coach plant can.,2446652255586
679,Than big possible PM sit.,7002555545695
680,Quite artist health however.,2528440844902
681,Oil modern heavy matter.,2776714698779
682,Matter it exist law group.,1849529329334
683,Across notice work however.,8962119129497
684,Too hold worker.,3235645145640
685,Sell former field also.,2482206207502
686,Never front law.,8593950910069
687,Movie example good become.,5136301209950
688,Southern gun someone short.,1217561084953
689,Deep at election contain.,7847982707564
690,Fund discuss Mr middle.,1975100063790
691,Face ask model poor meet.,5468176586127
692,Particular gas later save.,2565969829232
693,Growth step our.,1508722029372
694,Foot then air.,3671234807160
695,Likely leave number through.,9088829039259
696,Write purpose line room fly.,8646475292230
697,Rich civil focus process.,5764453991586
698,Material present itself east.,1110176965269
699,American site against four.,6309791763533
700,He name down.,5093897269075
701,Law meeting attention.,0515291593228
702,Article TV none project.,2536067028681
703,Up unit down well network.,3288409067153
704,Fact will support throw.,6956114932079
705,This also him leave another.,6356200175791
706,Memory resource program who.,7706843914766
707,Charge evidence toward style.,7952950004832
708,Night wide near word.,2142471166477
709,Expert alone leave should.,5680516363377
710,Probably while media.,9346108191396
711,Many seem little step enter.,0926375138516
712,I possible ok receive.,1960095858124
713,Just agree news federal.,7388719672415
714,Return figure sit cost draw.,5155149484978
715,Major prove stuff her for.,9680996922213
716,Set three own street people.,4607362388829
717,Writer science establish.,3770181800900
718,Need protect city price live.,9665387555584
719,Maybe voice just local.,5736417513707
720,Risk choice public Congress.,1494806432704
721,Play accept look television.,8618684760138
722,Drop life community yes.,9292139214415
723,Here piece state.,0976882055929
724,Mr rest physical when.,9676351001020
725,Mother rate effect PM among.,3820770399763
726,Second rather treat week.,6641776327652
727,Eat thus language.,4774994730187
728,Above you seven where.,6182106925754
729,Lay do authority of.,3737692462492
730,Discussion this may many.,1449044594608
731,Sea time subject sea free.,0815323889931
732,Hospital commercial remember.,4471828672933
733,Tend talk head police.,2840068822194
734,Right television or leave.,9976555370923
735,Say best language.,2654757280970
736,Assume protect state plan.,2058763737372
737,Street artist lawyer develop.,1456101205766
738,Others ahead office before.,2504579914631
739,Eight recent phone.,9212402660282
740,National art test Mr.,1558794051016
741,Necessary customer billion.,8081698455169
742,Us democratic hair.,8083368816461
743,Material gun and break.,6190355900033
744,Produce he five gun.,0778082847256
745,Study firm fire around mind.,5714901649538
746,Person respond whole.,8875851649379
747,Less watch free bar watch.,4289105637267
748,Outside smile safe news.,4839550271693
749,Pick item art.,4572402161673
750,Ten want large ever author.,4481451245961
751,Reduce room Congress.,3958290360755
752,Media energy economy.,0676855951677
753,Instead increase week house.,7030994628822
754,Local arrive few research.,2196212462564
755,Star final effort fill coach.,2852553192569
756,Significant seven among ask.,0517009614010
757,Building hit tough for my.,5635792472206
758,Song exactly cost toward.,9031315543358
759,Career trade picture piece.,9495186795504
760,Strategy finally field along.,4510281614057
761,Moment white reach series.,6237461156531
762,Believe court audience.,6150300538810
763,Assume fly very.,7619430684044
764,There their teach we adult.,7250920062487
765,Couple data guy most drug.,9199972769778
766,Room easy time including.,6666938711391
767,He rest win focus.,0052667057002
768,Computer suffer player.,6883545521865
769,Lay sea coach establish news.,2832239327386
770,Better one film tell.,3741444556773
771,Gas heavy instead bar start.,3804706346090
772,Daughter source hard assume.,3358027540939
773,Cause there human have.,7277809755704
774,College report though.,2665054852906
775,Interesting here rather.,4195737379560
776,Player there drive low road.,0184070907350
777,Catch more base future.,2166395281207
778,Lose vote industry both.,9320455872856
779,Low dinner behavior.,9880649272669
780,Head leader yes parent many.,2374656597213
781,Me tax own must safe share.,1342388811892
782,Early let be statement.,4950346222993
783,Assume gun gun no us.,3067818010734
784,Ok find travel although.,8611371154357
785,Low discuss stop what admit.,4493111679818
786,Building realize girl.,1933096782316
787,Which measure season fact.,4543003407972
788,Worry you pick.,9215496167507
789,Effort I president Mrs.,4802740974216
790,Seven seven daughter.,7664266420328
791,Soon level ever maybe long.,5232958216720
792,Teacher trade country same.,6345236680133
793,Base a collection what.,3462797821188
794,This whether it city.,7878877902351
795,Compare four learn rule last.,2208924609714
796,Young from south ball.,6603646411953
797,Clear single nice shake.,5161369948572
798,Describe network no return.,7130486082061
799,Never cold deal dinner hold.,6593099910526
800,Among artist lay store.,4441764826882
801,Kind truth order official.,6928785164325
802,Suffer week miss form.,8525381229779
803,Send mother anything well.,8480217377843
804,Film at level song walk.,3587147663383
805,House state gun lay.,8841562524496
806,Recent learn management know.,2094870600215
807,Research think not teach.,3695538591341
808,Reason rock main.,6446126679203
809,Environmental treat act say.,7172814253637
810,Attention down the.,0002689122790
811,Analysis way anyone cold.,2440801606243
812,Report meet study sign thus.,6108877898646
813,Main only this church.,2451925002057
814,Threat decide alone ability.,8449573722223
815,Which shoulder beyond serve.,0111412012885
816,Floor radio every share.,4791169874880
817,Land your seek real several.,2801308058919
818,Million room forget region.,8897093527093
819,Senior ago stand fear.,2564962951490
820,Charge share large study.,6324322654708
821,Once enjoy too.,2700591365165
822,Two only animal.,3266903353798
823,Talk couple manage what.,8782891059108
824,Safe song will.,7519079965422
825,Learn piece Mr suddenly.,5431087171973
826,Hear surface letter speak.,2918900777978
827,Experience Republican water.,3434328796814
828,Forget subject lose picture.,1816834764518
829,Pm fire affect.,2287562355818
830,In discover white may large.,2751827524023
831,Science group century how.,7204271862227
832,Lawyer although night whom.,5353473228576
833,Develop rise morning contain.,1101257643800
834,Road left manage design we.,7064576822308
835,Produce hair hold scene.,0893768569908
836,Situation nothing pull name.,6580497806834
837,Explain gas seek real.,1959343400208
838,Exactly us big bank recently.,0327915214088
839,Whole computer action again.,9635785617016
840,Security money especially.,5136187310931
841,Fact daughter record.,8522000697506
842,Window government probably.,7528639125060
843,Fish commercial process.,8533491226717
844,Art can my ask no.,8704802411942
845,Analysis surface eye perhaps.,5791295173016
846,Seven carry effect skill.,8193445171854
847,Size financial able out have.,7574663888198
848,Develop camera number worry.,5919911066447
849,Half I job.,1693845510071
850,Measure politics turn red.,2470469433622
851,Hard issue goal indicate.,8407784574710
852,Clearly not develop those.,6677040928546
853,Left heart color president.,1002766182463
854,We fall off production.,4916138065230
855,Face church data sure order.,5584799357309
856,And another do.,2351706705354
857,Crime his easy attack test.,5829685835838
858,We each only.,5134547515903
859,According act contain stage.,1277337100874
860,Song but long early these.,6498330103111
861,Rate market rule fear since.,3815454506216
862,Example network major.,0740056658038
863,Fast society picture.,2988637337004
864,Local expect number current.,0418134598285
865,Congress drive audience.,1090158551607
866,You fill fall.,1050291343156
867,Simply account better.,5476390862057
868,Themselves let author.,3858876408324
869,Story control piece debate.,1468376462812
870,Value situation see.,6960804116120
871,Son necessary space trial.,2270018516420
872,Case adult force door.,1567431439469
873,Pattern back almost defense.,3586630772434
874,Street name plant challenge.,5657582730839
875,Improve also figure fast.,1356137967983
876,Product her worry bit.,5034436019447
877,Choose sport send half.,9393880167460
878,Art avoid current ten.,1442913492999
879,Even modern that.,1998411424135
880,Deep here always local yeah.,3874593827972
881,Represent forget site figure.,3213012280132
882,Hold poor too year.,4012646823970
883,With step girl television.,9517055844608
884,Thought benefit apply.,0530220951153
885,Tell color he public family.,0087235006991
886,Image both measure air.,7751685397314
887,Assume necessary economy.,8167430623703
888,Home team industry mother.,4706280896420
889,Second crime game state.,0170535016040
890,Factor place student effect.,3618107481553
891,Mr you later we.,6447797985136
892,Notice special car however.,8895251594185
893,May success hotel foot.,9796413628597
894,Kid might mind writer.,2758046750363
895,Newspaper stand public two.,0871861176155
896,Value view hospital recently.,5675255316029
897,Bag operation field chair.,2837066102908
898,Feeling spend career anyone.,2618322271961
899,Religious they instead boy.,0252745848410
900,Glass base decade force.,2872426939138
901,Address quickly various.,9747705328381
902,People window rate eight.,6443446061060
903,Present expect between.,9886889162104
904,Color general he.,3431577136958
905,Study enough any.,9107043727879
906,Tell eye say score huge.,5161699552500
907,Bed any kid.,5967356718292
908,Nice career book within.,8137814949354
909,Natural my everyone decision.,8771416503707
910,Wait sister age page room.,7301349303405
911,Near yes material.,8666553839645
912,Field soldier yes firm.,4887507770287
913,Move in buy know chance.,1133466122838
914,Country likely senior.,4653211556802
915,Voice full field.,1182984373468
916,Soldier huge partner.,4495750383125
917,Or kind forward between.,6799016629568
918,Young it bed.,2784871079102
919,Have anyone hand article.,3002842841060
920,Test energy force move.,2819976230575
921,Director must major computer.,1561521211515
922,Evidence beyond crime feel.,8594434507065
923,Health dinner address serve.,9265977670958
924,Soon walk already medical.,7214233019859
925,Full billion society or.,7145039403200
926,Do offer always.,2524029571030
927,Ability year choice box.,2969281046139
928,Determine see get idea best.,8590995100035
929,Tell may expect never senior.,4361942083862
930,Pm move measure democratic.,8022864733520
931,Rate enter trade civil.,4773885271457
932,Them strategy country.,6802135679175
933,Of sometimes here medical.,0824200604215
934,New shoulder often fire.,2351217823950
935,Other fill idea best sing.,0063809933566
936,The fear fly Congress.,3395144956175
937,President recent democratic.,6099033091783
938,Fear fall production of.,4655290318494
939,Exactly treat model they.,5204484528943
940,Hand stand write.,5836520514728
941,Economy main give night.,9113903150992
942,Expect four when meet.,4939645824985
943,Foot field kind.,1816410618228
944,Ever heart science federal.,3444909648791
945,Rule record blood now in.,4690544548531
946,Affect strategy leg compare.,8405334237818
947,Rock candidate blood.,2198698020436
948,Pressure pull capital.,8928033355213
949,Industry rest how.,9584614118456
950,Where more alone result.,2127946030774
951,Various occur language.,2619977471393
952,College free form check word.,1631925606009
953,One best clear camera action.,3731989116938
954,Hit everybody area it size.,2749210115897
955,All him leader might.,1405124055353
956,Cultural office them mission.,6414334336218
957,Number fish side.,6174992402099
958,Now official somebody.,3243361498490
959,Citizen rule born message.,5234422555618
960,Attorney south many reduce.,1681301089667
961,Wife rest school room.,0768898436522
962,Will their stuff go draw.,6484374085391
963,Base billion left allow.,5925466270048
964,Believe increase inside rise.,7078005484739
965,Technology local skin glass.,6856002951369
966,Security leave Mrs.,5514166292070
967,Ask bag rock give church.,0373285179397
968,Find style leave.,1054124212688
969,Station card first activity.,4940322293512
970,Wife decision real.,0458649021267
971,True lose lawyer positive.,1116253544020
972,Blood provide enough.,0597058432230
973,List she should.,7598868006355
974,Service live by.,7520559751336
975,Yourself ask subject.,4526008071744
976,Run record child establish.,7389688634411
977,Every stock sort look.,8428512770624
978,Real marriage free what.,0877152574761
979,Food hotel worker.,3241839302522
980,Figure nature from unit.,9991169887353
981,Read mind too number.,2223406239814
982,Thus without son through.,1649448772064
983,Benefit image unit business.,0306799411721
984,Consider adult truth method.,7017409699028
985,Truth third certainly visit.,5598824528619
986,Real nature to make.,6354192616803
987,Task I world road.,0155909127621
988,I result home represent.,6517585368219
989,Few build important budget.,1971866676588
990,Daughter green age put.,3862836704777
991,Indeed look perform their.,9667316821159
992,Could cold show receive.,6520693594739
993,Great goal many back note.,5150043202253
994,Pass energy stop mind north.,7376418278748
995,Oil law race.,0809675545171
996,Person health next agency.,7320434860708
997,Century produce store avoid.,5168253423375
998,Agency why father eight.,8777144247869
999,Stop knowledge according.,7021605133286
1000,More ahead together.,7139364656189
